judul,bahan_bakar,harga,mesin,lokasi,transmisi,odometer,keterangan
toyota alphard (2014),Bensin,Rp 233.000.000,>2.000 - 3.000 cc,"Karawaci, Tangerang Kota",Automatic,95.000-100.000 Km,"Deskripsi DATENG COCOK DEAL BAYAR Toyota Alphard G Hitam Pilot Seat Premium Sound 2014 nik 2014 Pajak November 2026 Nopol B Tangerang ganjil Mobil Enak Semua Original Pilot Seat Premium Sound Burnmaster Oli Mesin Transmisi semua baru Bukan mobil capek Boleh cek bengkel mana saja Garansi 1 Tahun CASH 243 Juta Saja Nego CREDIT 233 Juta Saja TDp 9juta Angsuran 7,3jt x 47 bulan TDp 25uta Angsuran 6,7jt x 47 bulan Murah Kan??? Buruan GassKeun - Domisili Luar Kota - KTP Luar Kota - Rumah Kontrak - BI checking Jelek Semua BISA DI BANTU SAMPAI TERIMA UNIT ikuti iG kami di mobil auto zir dan youtube kami AutoZir Lokasi Ketik Auto Zir Pahlawan Revolusi Pondok Bambu di Googlemaps / Waze Lgsg sampai Jalan Raya Pahlawan Revolusi No.8. Pondok Bambu, Duren Sawit, Jakarta Timur. Samping RS YADIKA Pondok Bambu. Deket McDonals Pondok Bambu Tersedia 100 Unit Lain nya, Terima Kasih"
toyota voxy (2022),Bensin,Rp 465.000.000,>1.500 - 2.000 cc,"Cipondoh, Tangerang Kota",Automatic,55.000-60.000 Km,"Deskripsi FOR SALE Toyota All New Voxy TSS Camera360 Ungu Tua Metalik NIK 2022 KM56rb Record AUTHORIZED !! #Pajak Bulan 8-2026 #Tangan1daribaruPribadi - BELI MOBIL BERGARANSI SAMPAI 5 TAHUN GRATIS! GARANSI 5 TAHUN LANGSUNG! Jaminan GARANSI 155 KOMPONEN Meliputi : 1. Mesin 2. Transmisi 3. AC 4. Kaki-kaki 5. Sistem Pengereman 6. Layanan ERA (Emergency Road Asistance, Towing darurat) Bonus! Free Detailing (pembersihan) 2x (1 tahun) -UNIT 100% BEBAS TABRAK DAN BEBAS BANJIR (garansi uang kembali) -Dokumen ABSAH Focus Motor Belanja Mobil sudah hadir di Indonesia selama 26 tahun. Prioritas kami adalah menjaga kepuasan konsumen dan berkomitmen untuk memberikan pengalaman terbaik membeli mobil bekas. - OTR KREDIT 365JT OTR CASH ASK Bunga Premium Dp 68jt Angs 9.977.000 x47 tlo Dp 60jt Angs 8.745.000 x59 tlo DP Minim Dp 52jt Angs 10.829.500 x47 tlo Angs 9.323.500 x59 tlo UNTUK REQUEST DP / HITUNGAN LAIN, SILAKAN HUBUNGI KAMI Harga kredit tertera adalah harga minimal kredit dengan tenor 4 & 5 tahun, diluar itu mengikuti harga Cash (karena kami mensubsidi refund bunga kepada anda) - Spesifikasi : #Engine 2.0 CVT Auto ECO Sport Mode - Keyless Start Engine - Cruisecontrol & Audiosteer - Electric Sliding Doors with Kick Sensor - AC Digital Climate ION - Headunit Multimedia OEM Android Auto Carplay + Camera360 + TV Roof - New Dashing Powerbackdoor with Side Button - Buku Servis Manual Kunciserep LOKASI : Bez Auto Center, Focus Motor No. A66-A70, Curug Sangereng, Kec. Klp. Dua, Kabupaten Tangerang, Banten 15810. (83U) (GS)"
mitsubishi xpander (2019),Bensin,Rp 174.000.000,>1.000 - 1.500 cc,"Tangerang, Tangerang Kota",Automatic,100.000-105.000 Km,"Deskripsi Mitsubishi Xpander Sport 1.5 Matic 2019 Spesifikasi : - Mesin Halus / Kering / Terawat - Kaki - Kaki Nyaman - Body Mulus - Elektrikal Berfungsi Normal - Kondisi Ban Baik - Interior Bersih dan Wangi - Tidak Bekas Tabrakan / Kebanjiran - Kilometer Asli (102.xxx) - Surat Surat Sangat Lengkap (GARANSI UANG KEMBALI) Paket Kredit: TDP : 5 juta Angsuran : Rp 5.450 x 47 TDP : 10 juta Angsuran : Rp 5.380 x 47 TDP : 15 juta Angsuran : Rp 5.260 x 47 Untuk info lebih lengkap bisa langsung hubungi kami lewat WhatsApp/telpon. Isnu Ramadhan BERKAT PRIMA MOBIL Jl. Imam Bonjol No. 82, Karawaci, RT. 003/RW. 004, Panunggangan Barat, Kec Tangerang, Kota Tangerang, Banten. 15115 (Sebrang Honda Telaga Mestika Karawaci Tangerang)"
suzuki grand vitara (2023),Hybrid,Rp 265.000.000,>1.000 - 1.500 cc,"Cipondoh, Tangerang Kota",Automatic,25.000-30.000 Km,"Deskripsi FOR SALE Suzuki Grand Vitara GX Hybrid AT Silver Panoramic Sunroof NIK 2023 KM25rb Record AUTHORIZED !! - BELI MOBIL BEKAS TANPA KHAWATIR CUMA DI BELANJAMOBIL! Kami Berikan Garansi Langsung 1 Tahun GRATIS! Jaminan Garansi Meliputi : 1. Mesin 2. Transmisi 3. ⁠AC 4. ⁠Kaki-kaki 5. ⁠Sistem Pengereman 6. ⁠Layanan ERA (Emergency Road Asistance, Towing darurat) Bonus! Free Detailing (pembersihan) 2x (1 tahun) -UNIT 100% BEBAS TABRAK DAN BEBAS BANJIR (garansi uang kembali) -Dokumen ABSAH ⁠Focus Motor / Belanja Mobil sudah hadir di Indonesia sejak 25 tahun. Prioritas kami adalah menjaga kepuasan customer dan berkomitmen untuk menghadirkan mobil bekas terbaik untuk konsumen. - OTR KREDIT 265JT OTR CASH ASK Bunga Premium TDP 68,266,472 Angs 6,952,000 x47 TDP 52,207,989 Angs 6,504,000 x59 DP Minim Tdp 52jt Angs 7,596,500 x47 tlo Tdp 48jt Angs 6,682,500 x59 tlo UNTUK REQUEST DP / HITUNGAN LAIN, SILAKAN HUBUNGI KAMI Harga kredit tertera adalah harga minimal kredit dengan tenor 4 & 5 tahun, diluar itu mengikuti harga Cash (karena kami mensubsidi refund bunga kepada anda) - Spesifikasi : #Pajak Bulan 6-2026 #AtasNamaPribadi - Keyless Start Engine - Panoramic Sunroof - AC Digital - Electric Retract Mirror - Cruisecontrol, Audiosteer, Paddleshift - Headunit OEM Touchscreen Camera360 - Headupdisplay HUD, Wireless Charging - Headlamp LED, Sensorparking, Velg OEM - KF 3M LOKASI : Bursa Otomotif Mangga Dua Square, Focus Motor, Jakarta Utara. (KGU) (A)"
nissan x-trail (2019),Bensin,Rp 265.000.000,>2.000 - 3.000 cc,"Tangerang, Tangerang Kota",Automatic,95.000-100.000 Km,"Deskripsi Nissan Xtrail 2.5 CBU Panoramic Sunroof AT 2019 Hitam Spec - Mesin: QR25DE 2.5 L DOHC 16‑valve, Dual CVTCS - Sunroof: Panoramic Sunroof sebagai fitur unggulan - LED projector headlamp - Roof rails, chrome moulding, roof spoiler - Engine start/stop button - Dual-zone AC (auto) - Multi-function steering & display - ABS + EBD + Brake Assist, Vehicle Dynamic Control, Hill Start Assist, Active Trace Control, electric parking brake + Auto Hold, Dual SRS Airbag Otr 265jt Cash 280jt Paket A Tdp 89jt cicilan 7.668.000 X 35 Tdp 89jt cicilan 6.269.000 X 47 Tdp 89jt cicilan 5.511.000 X 59 Paket B Tdp 76jt cicilan 7.712.000 X 35 Tdp 76jt cicilan 6.344.000 X 47 Tdp 76jt cicilan 5.513.000 X 59 Paket C Tdp 64jt cicilan 8.676.000 X 35 Tdp 64jt cicilan 6.968.000 X 47 Tdp 64t cicilan 5.995.000 X 59 NEGO SAMPAI JADI !!! BENEFIT PEMBELIAN KREDIT ● GARANSI MESIN & TRANSMISI 1TH ● FREE POLES 1X SETELAH PENGAMBILAN UNIT ● FREE LAYANAN DARURAT 24JAM SELAMA 1 TAHUN MORE INFO Nurul 081903597681"
honda mobilio (2015),Bensin,Rp 129.000.000,>1.000 - 1.500 cc,"Karawaci, Tangerang Kota",Automatic,85.000-90.000 Km,Deskripsi DP 5 JT angs 3.754.000 x 5 th angs 4.221.000 x 4 th harga cash 135 jt *utk Dp lainnya langsung japri wa di olx MOBILIO RS AT ISTIMEWA TERAWAT MESIN MATIC HALUS RESPONSIF BODY CAT MULUS ORI INTERIOR ORI BERSIH SIAP PAKAI
toyota vellfire (2014),Bensin,Rp 250.000.000,>2.000 - 3.000 cc,"Tangerang, Tangerang Kota",Automatic,115.000-120.000 Km,"Deskripsi Toyota Vellfire 2.4 GS 2014 putih Spec - Mesin: 2.362 cc, inline‑4 (2AZ‑FE) ANH20W - GS (Gazoo Sport) adalah varian edisi khusus dengan tampilan lebih sporty - Body kit Gazoo, velg khas, dan eksterior lebih agresif - Interior dengan setengah kulit dan Alcantara, jahitan kontras, kursi semi‑bucket - Gaya lebih sportif pada speedometer dan finishing interior - ABS, EBD, Brake Assist, Airbags depan dan samping, ISOFIX, Vehicle Stability Control (VSC), Traction Control (TRC) Otr 250jt Cash 270jt Paket A Tdp 44jt cicilan 8.810.000 X 35 Tdp 44jt cicilan 7.256.000 X 47 Tdp 44jt cicilan 6.312.000 X 59 Paket B Tdp 3t cicilan 14.337.000 X 35 Tdp 3jt cicilan 11.810.000 X 47 Tdp 3jt cicilan 10.440.000 X 59 NEGO SAMPAI JADI !!! BENEFIT PEMBELIAN KREDIT ● GARANSI MESIN & TRANSMISI 1TH ● FREE POLES 1X SETELAH PENGAMBILAN UNIT ● FREE LAYANAN DARURAT 24JAM SELAMA 1 TAHUN MORE INFO Nurul 081903597681"
honda freed (2013),Bensin,Rp 125.000.000,>1.500 - 2.000 cc,"Tangerang, Tangerang Kota",Automatic,150.000-155.000 Km,Deskripsi Honda Freed SD AT 2013 AC Double Blower Putih Spec -1.500 CC Irit & Bertenaga -Captain Seat (2nd row) -AC double blower -Pintu otomatis Kiri -Spion retrack -Ban Tebal -PS/PW normal -Mesin Halus Kering Tidak Ada Rembes -Sudah Eco irit bertenaga -Surat Surat Terjamin Keabsahannya Otr 125jt Cash 135jt Paket A Tdp 17jt cicilan 4.668.000 X 35 Tdp 17jt cicilan 3.868.000 X 47 Paket B Tdp 5jt cicilan 5.802.000 X 35 Tdp 5jt cicilan 4.779.000 X 47 Tdp 5jt cicilan 4.225.000 X 59 NEGO SAMPAI JADI !!! BENEFIT PEMBELIAN KREDIT ● GARANSI MESIN & TRANSMISI 1TH ● FREE POLES 1X SETELAH PENGAMBILAN UNIT ● FREE LAYANAN DARURAT 24JAM SELAMA 1 TAHUN MORE INFO Nurul 081903597681
toyota fortuner (2018),Diesel,Rp 355.000.000,>2.000 - 3.000 cc,"Tangerang, Tangerang Kota",Automatic,60.000-65.000 Km,"Deskripsi Toyota Fortuner VRZ 2.4 AT 2018 Hitam Spec: - Engine 2GD-FTV 2.4cc Diesel 148Hp - Automatic Transmission 6-Speed - Km 60ribuan - Ban Tebal - Interior sangat bersih terawat - Kaki-kaki sangat nyaman - Fitur Hill Start Assist (HSA), Vehicle Stability Control (VSC), Emergency Brake Signal (EBS), Trailer Sway Control (TSC), Traction Control (TRC) - Eco Mode & Power Mode - Automatic Power Backdoor - Jok kulit asli bawaan - Electrical normal semua - Mobil siap pakai tanpa PR - Mesin kering tidak ada rembes 100% - Bebas Tabrak & Banjir 100% Otr 355jt Cash 375jt Paket A Tdp 70jt cicilan 12.011.000 X 35 Tdp 70jt cicilan 9.647.000 X 47 Tdp 70jt cicilan 8.299.000 X 59 Paket B Tdp 26jt cicilan 13.813000 X 35 Tdp 26jt cicilan 11.351.000 X 47 Tdp 26jt cicilan 10.016.000 X 59 Paket C Tdp 5jt cicilan 14.386000 X 35 Tdp 5jt cicilan 11.833.000 X 47 Tdp 5jt cicilan 10.283000 X 59 NEGO SAMPAI JADI !!! BENEFIT PEMBELIAN KREDIT ● GARANSI MESIN & TRANSMISI 1TH ● FREE POLES 1X SETELAH PENGAMBILAN UNIT ● FREE LAYANAN DARURAT 24JAM SELAMA 1 TAHUN MORE INFO Nurul 081903597681"
toyota avanza (2022),Bensin,Rp 195.000.000,>1.500 - 2.000 cc,"Karang Tengah, Tangerang Kota",Automatic,55.000-60.000 Km,Deskripsi Dijual mobil tangan I dari baru. Ac dingin sekali
suzuki ertiga (2019),Bensin,Rp 175.000.000,>1.000 - 1.500 cc,"Tangerang, Tangerang Kota",Manual,25.000-30.000 Km,Deskripsi Jual cepat BU! Ertiga GX MT 2019 OTR kredit 175 juta murah Paket kredit murah DP 55 juta Angs 3.970 47 x DP 55 juta Angs 3.430 59 x Paket kredit DP murah DP 20 juta Angs 5.230 47 x DP 20 juta Angs 4.750 59 x Proses dibantu sampe goal Syarat rumah ngontrak harus penjamin Mesin kering Kaki senyap Tarikan mantap Kopling enteng Engine start Mobil irit Interior original Jaminan lihat pasti suka Service full record Jarang ada type manual Jaminan bebas laka dan banjir badai Lokasi Gading Serpong kenapa harus beli mobil sama azwar HDR MOBILINDO? - promo kredit sangat menarik - trade in dengan harga terbaik - jaminan kwalitas mobil bebas tabrak dan banjir - jaminan mesin dan transmisi sehat dan bergaransi - free derek 24 jam ( dalam tol dan luar) - kehabisan bensin bisa kita bantu - kunci ketinggalan di dalam bisa kita bantu - promo hanya berlaku pembelian dengan azwar HDR MOBILINDO *syarat dan ketentuan berlaku buruan sebelum kehabisan stock berkualitas lokasi kami ada di gading serpong HDR MOBILINDO Bursa mobil Serpong blok D6 sd D8 sebelum bca gading serpong azwar papa vier pusat mobil berkualitas
audi a4 (2011),Bensin,Rp 118.500.000,>1.500 - 2.000 cc,"Karawaci, Tangerang Kota",Otomatis,120000 Km,Deskripsi Merek mobil: Audi Tahun pembuatan: 2011 Model mobil: A4 Varian mobil: 1.8 Bensin-AT Jenis bahan bakar mobil: Bensin Jarak tempuh mobil: 110000 Warna mobil: Hitam Transmisi mobil: Otomatis Tipe penjual: Individual Pajak mati 2x Sudah di nano cotting Mesin kering dan alus Kelustrikan fungsi Ac dingin
honda accord (2010),Bensin,Rp 86.000.000,>2.000 - 3.000 cc,"Karawaci, Tangerang Kota",Automatic,105.000-110.000 Km,"Deskripsi Di Jual Cepat Honda Accord Tahun 2010 Transmisi Automatic Warna Hitam (Favorit) Kondisi Mesin Hidup Normal Body minus pemakaian saja Selalu di isi Pertamax Harga LCGC tp tampilan dan performa mesin jauh di atas mobil LCGC. sangat cocok bagi kaum muda yang baru pengin punya mobil tp budget terbatas,ini bisa jadi salah satu pilihan terbaik. Sangat cocok juga buat pergi ke acara undangan pernikahan ,apel ke rumah pacar ,Mao ketemu klien untuk meeting Aura bagi yang membawa mobil sangat berbeda di banding membawa mobil LCGC. Silakan buat janji untuk survey Tidak terima segitiga Harga Rp 86juta nett(kondisi pajak mati 2022) Cash Atau Terima Pajak Hidup serta balik nama pembeli Rp 115juta Harga sudah sangat murah Siapa Cepat dia yang Dapat Hub WA 081 Satu Sembilan Delapan Lima 9082"
mazda cx-5 (2015),Bensin,Rp 215.000.000,>2.000 - 3.000 cc,"Tangerang, Tangerang Kota",Automatic,55.000-60.000 Km,"Deskripsi Mazda CX-5 GT 2015 Warna Abu-abu -LowKilometer 57Rb -Pajak Panjang (Bln 6 2026) -Plat B Genap (Jaksel) -Service Record Mazda Authorized Harga Cash 235Jt Harga Credit 215Jt TDP 40Jt Angsuran 6,120,000 x47Bln Angsuran 5,245,000 x59Bln TDP sudah termasuk Angsuran 1x, Asuransi TLO,Asuransi jiwa&Admin. Kenapa Harus Beli Mobil Bekas di Stock Kami : - Kualitas & Pelayanan di Utamakan. - Lulus Inspection dari Team Kami. - Siap General Check Up di Dealer Authorized (Biaya ditanggung Pembeli). - Anti Tipu2 Kilometer Puteran. - Anti Banjir, Tabrakan, Lelang. - Keabsahan Surat Kendaraan Terjamin. - Proses Credit Kami Bantu Sampai Tuntas. Lokasi: Tangerang Bursa Mobil Lemo&BEZ Auto Center"
honda accord (2010),Bensin,Rp 86.000.000,>2.000 - 3.000 cc,"Karawaci, Tangerang Kota",Otomatis,120000 Km,"Deskripsi Di Jual Cepat Honda Accord Tahun 2010 Transmisi Automatic Warna Hitam (Favorit) Kondisi Mesin Hidup Normal Body minus pemakaian saja Selalu di isi Pertamax Harga LCGC tp tampilan dan performa mesin jauh di atas mobil LCGC. sangat cocok bagi kaum muda yang baru pengin punya mobil tp budget terbatas,ini bisa jadi salah satu pilihan terbaik. Sangat cocok juga buat pergi ke acara undangan pernikahan ,apel ke rumah pacar ,Mao ketemu klien untuk meeting Aura bagi yang membawa mobil sangat berbeda di banding membawa mobil LCGC. Silakan buat janji untuk survey Tidak terima segitiga Harga Rp 86 juta nett (kondisi pajak mati 2022) Cash Atau Terima Pajak Hidup serta balik nama pembeli Rp 115 juta Harga sudah sangat murah Siapa Cepat dia yang Dapat Hub WA 081 Satu Sembilan Delapan Lima 9082"
wuling alvez (2024),Bensin,Rp 178.000.000,--,"Ciputat Timur, Tangerang Selatan Kota",Automatic,10.000-15.000 Km,"Deskripsi ""Wuling Alvez 1.5 CE Bensin-AT 2024 . Khusus Harga Kredit : Rp 178,000,000 Khusus Harga Cash : Rp 187,000,000 TDP : Rp 13,000,000 Angsuran 4 tahun : Rp 6,100,000 Angsuran 5 tahun : Rp 5,200,000 . Nikmati Promo di OLXmobbi - Jual - Beli - Tukar Tambah Tenor panjang cicilan pasti ringan dan dapatkan saldo digital hingga 1.500.000! Dapatkan juga TDP terendah dan Promo Trade In Suka-Suka (Terima Mobil merek dan Tahun Apapun Tanpa Syarat) *S&K berlaku . Keunggulan Unit : - Astra Certified - Bebas Tabrak - Bebas Banjir - Kilometer Tidak Putaran -  Emergency Stop Signal (ESS) - Digital AC - Spion retractable . Berikut Spesifikasi : - Dokumen Lengkap a/n : Perorangan - Odometer : 12,381 km - Transmisi : AT - Pajak : 01-Mar-2025 - Plat : Ganjil - KN : FBN . Mohon lakukan pembayaran melalui no rekening berikut untuk booking fee / pelunasan: 120/00/0757779/9 An. SERASI MITRA MOBIL . Mengapa Anda harus membeli mobil di OLXmobbi? - Garansi Mesin hingga 1 tahun (mesin, transmisi, AC, dan sistem pengereman, plafon max 80jt dari GARDA OTO) - Gratis Biaya Jasa Perawatan - 7 Hari Jaminan Uang Kembali - Test Drive dari Rumah - Ada 2.000+ pilihan mobil bekas berkualitas, lulus inspeksi dan tersertifikasi . OLX Mobbi  Daihatsu Used Car"""
daihatsu sigra (2018),Bensin,Rp 99.000.000,>1.000 - 1.500 cc,"Karawaci, Tangerang Kota",Automatic,70.000-75.000 Km,Deskripsi DP 3 JT 3.250.000 x 5 th 3.650.000 x 4 th harga cash 109.5 jt SIGRA R AT ISTIMEWA TERAWAT RUTIN MESIN MATIC HALUS RESPONSIF BODY CAT MULUS ORI CAKEP INTERIOR ORI BERSIH WANGI KAKI2 SUNYI SENYAP AMAN LAKAJIR
hyundai palisade (2022),Diesel,Rp 560.000.000,>2.000 - 3.000 cc,"Cipondoh, Tangerang Kota",Automatic,35.000-40.000 Km,"Deskripsi FOR SALE Hyundai Palisade Signature 2.2 Diesel Panoramic Sunroof Moonlight Cloud Blue on Navy NIK 2022 KM35rb Record AUTHORIZED Nano Coating Finegloss !! #Pajak Bulan 6-2025 #Tangan1daribaruPribadi - BELI MOBIL BEKAS TANPA KHAWATIR CUMA DI BELANJAMOBIL! Kami Berikan Garansi Langsung 1 Tahun GRATIS! Jaminan Garansi Meliputi : 1. Mesin 2. Transmisi 3. AC 4. Kaki-kaki 5. Sistem Pengereman 6. Layanan ERA (Emergency Road Asistance, Towing darurat) Bonus! Free Detailing (pembersihan) 2x (1 tahun) -UNIT 100% BEBAS TABRAK DAN BEBAS BANJIR (garansi uang kembali) -Dokumen ABSAH Focus Motor / Belanja Mobil sudah hadir di Indonesia sejak 25 tahun. Prioritas kami adalah menjaga kepuasan customer dan berkomitmen untuk menghadirkan mobil bekas terbaik untuk konsumen. - OTR KREDIT 560JT OTR CASH BY CALL Bunga Premium Dp 99jt Angs 15.146.500 x47 tlo Dp 89jt Angs 13.276.500 x59 tlo DP Minim Dp 88jt Angs 16.073.000 x47 tlo Dp 76jt Angs 14.175.000 x59 tlo Untuk request DP / Hitungan lain, silakan hubungin kami Harga kredit tertera adalah harga minimal kredit dengan tenor 4 & 5 tahun, diluar itu mengikuti harga Cash (karena kami mensubsidi refund bunga kepada anda) - Spesifikasi : - Panoramic Sunroof - Engine 2.199 cc 200 Hp (440 Nm) Diesel - Keyless Start Stop Engine - Drive Mode : ECO, Sport, Smart, Comfort, Mud, Snow, Sand - 8 Speed Shift-by-Wire Automatic Transmission - Audio Steering Switch, Paddle Shift, Cruise Control - Headunit Infotainment System Navigasi, Multimedia, Radio, Phone Connection - Electric Leather Seat + Lumbar Support (L/R) - Full LED Headlamp With DRL, Foglamp LED - Rear LED Stop Lamp - SRS Airbags, ABS, EBD, BA, BCW, HSA, LFA, COMPLETE SAFETY CAR - Electric Park Brake, Electric Auto Hold, Traction Control - Rear Parking Camera, Parking Sensor - Power Back Door - Buku Service Buku Manual Kunci Cadangan - KF Smith LOKASI : Bez Auto Center, Focus Motor No. A66-A70, Curug Sangereng, Kec. Klp. Dua, Kabupaten Tangerang, Banten 15810. (FBC) (GS)"
honda mobilio (2014),Bensin,Rp 112.000.000,>1.000 - 1.500 cc,"Tangerang, Tangerang Kota",Automatic,80.000-85.000 Km,"Deskripsi Honda Mobilio E Cvt Matic 2014 Spesifikasi : - Mesin Halus / Kering / Terawat - Kaki - Kaki Nyaman - Body Mulus - Elektrikal Berfungsi Normal - Kondisi Ban Baik - Interior Bersih dan Wangi - Tidak Bekas Tabrakan / Kebanjiran - Kilometer Asli (82.xxx) - Surat Surat Sangat Lengkap (GARANSI UANG KEMBALI) Paket Kredit: TDP : 5 juta Angsuran : Rp 3.700 x 47 TDP : 10 juta Angsuran : Rp 3.600 x 47 TDP : 15 juta Angsuran : Rp 3.500 x 47 Untuk info lebih lengkap bisa langsung hubungi kami lewat WhatsApp/telpon. Isnu Ramadhan BERKAT PRIMA MOBIL Jl. Imam Bonjol No. 82, Karawaci, RT. 003/RW. 004, Panunggangan Barat, Kec Tangerang, Kota Tangerang, Banten. 15115 (Sebrang Honda Telaga Mestika Karawaci Tangerang)"
subaru xv crosstrek (2023),Bensin,Rp 335.000.000,>1.500 - 2.000 cc,"Cipondoh, Tangerang Kota",Automatic,20.000-25.000 Km,"Deskripsi FOR SALE Subaru Crosstrek 2.0 i-S EyeSight AWD Sunroof AT Silver NIK 2023 KM21rb Record AUTHORIZED !! #Pajak Bulan 9-2026 #Tangan1daribaruPribadi - BELI MOBIL BERGARANSI SAMPAI 5 TAHUN GRATIS! GARANSI 5 TAHUN LANGSUNG! Jaminan GARANSI 155 KOMPONEN Meliputi : 1. Mesin 2. Transmisi 3. AC 4. Kaki-kaki 5. Sistem Pengereman 6. Layanan ERA (Emergency Road Asistance, Towing darurat) Bonus! Free Detailing (pembersihan) 2x (1 tahun) -UNIT 100% BEBAS TABRAK DAN BEBAS BANJIR (garansi uang kembali) -Dokumen ABSAH Focus Motor Belanja Mobil sudah hadir di Indonesia selama 26 tahun. Prioritas kami adalah menjaga kepuasan konsumen dan berkomitmen untuk memberikan pengalaman terbaik membeli mobil bekas. - OTR KREDIT 335JT OTR CASH ASK DP Minim Dp 73jt Angs 9.555.500 x47 tlo Angs 8.297.500 x59 tlo Bunga Premium Dp 84jt Angs 8.878.000 x47 tlo Dp 79jt Angs 7.795.000 x59 tlo UNTUK REQUEST DP / HITUNGAN LAIN, SILAKAN HUBUNGI KAMI Harga kredit tertera adalah harga minimal kredit dengan tenor 4 & 5 tahun, diluar itu mengikuti harga Cash (karena kami mensubsidi refund bunga kepada anda) - Spesifikasi : * Electric Sunroof * Engine 2.0 cc 156 Hp (196 Nm) AWD * Max Speed 198 KM/Jam * Akselerasi 0-100 km/jam: 10,5 detik * X Mode With 5 Option * Carbon Accent * Paddle Shift, Adaptive Cruise Control * Dual-zone Automatic Air-conditioning System * 4.2-inch Full-colour LCD Display * 11.6-inch Centre Display Infotainment Touchscreen With Apple Carplay & Android Auto * Electric Leather Seat With Lumbar * LED Projector Headlamp With DRL * LED Rear Combination Lamps * SRS Airbags, BA, ABS, EBD, VSC, COMPLETE SAFETY CAR * Active emergency braking system, Lane Departure Warning System, Lane Keeping Assist System * Rear Parking Camera, Parking Sensor * Buku Servis Manual Kunciserep LOKASI : Bez Auto Center, Focus Motor No. A66-A70, Curug Sangereng, Kec. Klp. Dua, Kabupaten Tangerang, Banten 15810 (AKV) (GS)"
honda accord (2010),Bensin,Rp 86.000.000,>2.000 - 3.000 cc,"Karawaci, Tangerang Kota",Otomatis,120000 Km,"Deskripsi Di Jual Cepat Honda Accord Tahun 2010 Transmisi Automatic Warna Hitam (Favorit) Kondisi Mesin Hidup Normal Body minus pemakaian saja Selalu di isi Pertamax Harga LCGC tp tampilan dan performa mesin jauh di atas mobil LCGC. sangat cocok bagi kaum muda yang baru pengin punya mobil tp budget terbatas,ini bisa jadi salah satu pilihan terbaik. Sangat cocok juga buat pergi ke acara undangan pernikahan ,apel ke rumah pacar ,Mao ketemu klien untuk meeting Aura bagi yang membawa mobil sangat berbeda di banding membawa mobil LCGC. Silakan buat janji untuk survey Tidak terima segitiga Harga Rp 86juta nett(kondisi pajak mati 2022) Cash Atau Terima Pajak Hidup serta balik nama pembeli Rp 115juta Harga sudah sangat murah Siapa Cepat dia yang Dapat Hub WA 081 Satu Sembilan Delapan Lima 9082"
toyota sienta (2018),Bensin,Rp 165.000.000,>1.000 - 1.500 cc,"Tangerang, Tangerang Kota",Automatic,60.000-65.000 Km,"Deskripsi Toyota Sienta V 1.5 AT 2018 Warna Hitam -Tangan Pertama dari baru -LowKM 63Rb -Pajak Panjang (Bln 10 2026) -Plat B Genap (Tangerang) -Service Record Toyota Authorized Harga Cash 180Jt Harga Credit 165Jt TDP 30Jt Angsuran 4,720,000 x47Bln Angsuran 4,040,000 x59Bln TDP sudah termasuk Angsuran 1x, Asuransi TLO,Asuransi jiwa&Admin. Kenapa Harus Beli Mobil Bekas di Stock Kami : - Kualitas & Pelayanan di Utamakan. - Lulus Inspection dari Team Kami. - Siap General Check Up di Dealer Authorized (Biaya ditanggung Pembeli). - Anti Tipu2 Kilometer Puteran. - Anti Banjir, Tabrakan, Lelang. - Keabsahan Surat Kendaraan Terjamin. - Proses Credit Kami Bantu Sampai Tuntas. Lokasi: Tangerang Bursa Mobil Lemo&BEZ Auto Center"
mitsubishi xpander (2018),Bensin,Rp 175.000.000,>1.000 - 1.500 cc,"Tangerang, Tangerang Kota",Automatic,50.000-55.000 Km,"Deskripsi Xpander Ultimate 1.5 AT 2018 Warna Silver -Tangan Pertama dari baru -LowKM 51Rb -Pajak Panjang(Bln 8 2026) -Plat B Genap (Tangkot) -Service Record Mitsubishi Authorized Harga Cash 198Jt Harga Credit 175Jt TDP 25Jt Angsuran 5,430,000 x47Bln Angsuran 4,660,000 x59Bln TDP sudah termasuk Angsuran 1x, Asuransi TLO,Asuransi jiwa&Admin. Kenapa Harus Beli Mobil Bekas di Stock Kami : - Kualitas & Pelayanan di Utamakan. - Lulus Inspection dari Team Kami. - Siap General Check Up di Dealer Authorized (Biaya ditanggung Pembeli). - Anti Tipu2 Kilometer Puteran. - Anti Banjir, Tabrakan, Lelang. - Keabsahan Surat Kendaraan Terjamin. - Proses Credit Kami Bantu Sampai Tuntas. Lokasi: Tangerang Bursa Mobil Lemo&BEZ Auto Center"
honda cr-v (2013),Bensin,Rp 142.000.000,>2.000 - 3.000 cc,"Karawaci, Tangerang Kota",Automatic,85.000-90.000 Km,Deskripsi CRV 2.4 AT ISTIMEWA TERAWAT RUTIN MESIN MATIC HALUS  RESPONSIIF BODY CAT MULUS CAKEP ORI INTERIOR ORI BERSIH WANGI TANGAN PERTAMA DR BARU AMAN LAKAJIR SIAP PAKAI LUAR KOTA DP 15 JT 4.141.000 x 5 th 4.680.000 x 4 th harga cash 149.5 jt
honda hr-v (2021),Bensin,Rp 250.000.000,>1.000 - 1.500 cc,"Cipondoh, Tangerang Kota",Otomatis,10000 Km,Deskripsi Merek mobil: Honda Tahun pembuatan: 2021 Model mobil: HR-V Varian mobil: 1.5 E Limited Edition Bensin-AT Jenis bahan bakar mobil: Bensin Jarak tempuh mobil: 10000 Warna mobil: Putih Transmisi mobil: Otomatis Tipe penjual: Individual Plat Tangerang
nissan grand livina (2011),Bensin,Rp 79.500.000,>1.000 - 1.500 cc,"Cipondoh, Tangerang Kota",Automatic,185.000-190.000 Km,Deskripsi kaki aman ban baru 2 mesin adem matic aman siap gas
honda freed (2011),Bensin,Rp 120.000.000,>1.500 - 2.000 cc,"Cipondoh, Tangerang Kota",Automatic,135.000-140.000 Km,"Deskripsi HU 10 in velg racing ring 15 ban 90% jarang pakai , d pakai istri antar anak saja pakai mepet 23/11/25 kaleng 2029 kaki baru peremajaan rack shook d/b baru d jual karena Butuh yang"
isuzu elf (2023),Diesel,Rp 430.000.000,--,"Batuceper, Tangerang Kota",Manual,50000 Km,Deskripsi Merek mobil: Isuzu Tahun pembuatan: 2023 Model mobil: Elf Varian mobil: Mikrobus Giga NLR Jenis bahan bakar mobil: Diesel Jarak tempuh mobil: 50000 Warna mobil: Putih Transmisi mobil: Manual Tipe penjual: Individual
toyota kijang innova (2022),Diesel,Rp 345.000.000,>2.000 - 3.000 cc,"Cipondoh, Tangerang Kota",Otomatis,70000 Km,"Deskripsi Toyota Innova 2.4 G Diesel AT Silver 2022 (Aha Adex) Grup A Mesin & Performa - Tipe: 2GD-FTV, 4-silinder segaris, 16 katup, DOHC, VNT Intercooler Interior & Kenyamanan - Jok Fabric Premium - AC Double Blower - Head Unit Touchscreen (USB, Bluetooth, Radio) - Audio Steering Switch - Multi Information Display (MID) - Power Window & Central Lock Fitur Keamanan - Dual SRS Airbag + Knee Airbag - Sistem Rem ABS + EBD - Sensor parkir belakang - Immobilizer & Alarm - Sabuk pengaman 3 titik di semua baris - ISOFIX untuk kursi bayi Kondisi Unit - Tangan pertama dari Baru - ⁠Selalu pakai Pertamina Dex - Tahun: 2022 - Odometer: 52.XXX km asli - Body mulus, cat original - Mesin diesel halus, bertenaga, dan irit - Kaki-kaki senyap, suspensi nyaman - Bebas tabrak & banjir Otr 345jt Cash 360jt (cash price masih nego) Harga special best deal Paket A Tdp 40jt cicilan 10.171.000 x47 Tdp 40jt cicilan 8.881.000 x59 Paket B Tdp 55jt cicilan 9.904.000 x47 Tdp 55jt cicilan 8.706.000 x59 Paket C Tdp 10jt cicilan 10.993.000 x47 Tdp 10jt cicilan 9.501.000 x59 Request tdp atau mau trade in bisa Untuk info detail dan cek unit bisa langsung wa/call Bayu prasetio"
honda jazz (2017),Bensin,Rp 225.000.000,>1.500 - 2.000 cc,"Pinang (Penang), Tangerang Kota",Automatic,55.000-60.000 Km,Deskripsi HONDA JAZZ RS AT 2017 Km rendah 55.000
toyota sienta (2021),Bensin,Rp 212.000.000,>1.000 - 1.500 cc,"Cipondoh, Tangerang Kota",Automatic,30.000-35.000 Km,"Deskripsi FOR SALE Toyota Sienta Q AT Putih Facelift NIK 2021 KM33rb Record AUTHORIZED !! - BELI MOBIL BERGARANSI SAMPAI 5 TAHUN GRATIS! GARANSI 5 TAHUN LANGSUNG! Jaminan GARANSI 155 KOMPONEN Meliputi : 1. Mesin 2. Transmisi 3. AC 4. Kaki-kaki 5. Sistem Pengereman 6. Layanan ERA (Emergency Road Asistance, Towing darurat) Bonus! Free Detailing (pembersihan) 2x (1 tahun) -UNIT 100% BEBAS TABRAK DAN BEBAS BANJIR (garansi uang kembali) -Dokumen ABSAH Focus Motor Belanja Mobil sudah hadir di Indonesia selama 26 tahun. Prioritas kami adalah menjaga kepuasan konsumen dan berkomitmen untuk memberikan pengalaman terbaik membeli mobil bekas. - OTR KREDIT 212JT OTR CASH ASK DP Minim Dp 34jt Angs 6.481.500 x47 tlo Dp 30jt Angs 5.742.500 x59 tlo Bunga Premium Dp 44jt Angs 5.963.500 x47 tlo Dp 40jt Angs 5.234.500 x59 tlo UNTUK REQUEST DP / HITUNGAN LAIN, SILAKAN HUBUNGI KAMI Harga kredit tertera adalah harga minimal kredit dengan tenor 4 & 5 tahun, diluar itu mengikuti harga Cash (karena kami mensubsidi refund bunga kepada anda) - Spesifikasi : #Engine 1.5 Dual VVT-i Automatic ECO Mode #Pajak Bulan 5-2026 - Dual SRS Airbags - Keyless Start Engine - AC Digital Double - Electric Sliding Doors Kanan Kiri - Electric Retract Mirror + Audiosteer - Headunit OEM Touchscreen - Eksterior Bodykit, Headlamp Projector LED, Stoplamp LED, Foglamp, Sensorparking, Velg OEM - Buku Service Buku Manual Kunciserep LOKASI : Bez Auto Center, Focus Motor No. A66-A70, Curug Sangereng, Kec. Klp. Dua, Kabupaten Tangerang, Banten 15810 (BRR) (GS)"
toyota fortuner (2022),Bensin,Rp 492.000.000,--,"Ciputat Timur, Tangerang Selatan Kota",Automatic,40.000-45.000 Km,"Deskripsi ""Toyota Fortuner 2.8 4x2 GR Sport DSL Solar-AT 2022 . Khusus Harga Kredit : Rp 492,000,000 Khusus Harga Cash : Rp 517,000,000 TDP : Rp 32,000,000 Angsuran 4 tahun : Rp 17,000,000 Angsuran 5 tahun : Rp 14,550,000 . Nikmati Promo di OLXmobbi - Jual - Beli - Tukar Tambah Tenor panjang cicilan pasti ringan dan dapatkan saldo digital hingga 1.500.000! Dapatkan juga TDP terendah dan Promo Trade In Suka-Suka (Terima Mobil merek dan Tahun Apapun Tanpa Syarat) *S&K berlaku . Keunggulan Unit : - Astra Certified - Bebas Tabrak - Bebas Banjir - Kilometer Tidak Putaran . Berikut Spesifikasi : - Dokumen Lengkap a/n : Perorangan - Odometer : 43,535 km - Transmisi : AT - Pajak : 01-Oct-2025 - Plat : Genap - KN : SJH . Mohon lakukan pembayaran melalui no rekening berikut untuk booking fee / pelunasan: 120/00/0757779/9 An. SERASI MITRA MOBIL . Mengapa Anda harus membeli mobil di OLXmobbi? - Garansi Mesin hingga 1 tahun (mesin, transmisi, AC, dan sistem pengereman, plafon max 80jt dari GARDA OTO) - Gratis Biaya Jasa Perawatan - 7 Hari Jaminan Uang Kembali - Test Drive dari Rumah - Ada 2.000+ pilihan mobil bekas berkualitas, lulus inspeksi dan tersertifikasi . OLX Mobbi  Daihatsu Used Car"""
toyota sienta (2017),Bensin,Rp 165.000.000,--,"Ciputat Timur, Tangerang Selatan Kota",Automatic,110.000-115.000 Km,"Deskripsi ""Toyota Sienta 1.5 Q Bensin-AT 2017 . Khusus Harga Kredit : Rp 165,000,000 Khusus Harga Cash : Rp 174,000,000 TDP : Rp 11,000,000 Angsuran 4 tahun : Rp 5,700,000 Angsuran 5 tahun : Rp 4,900,000 . Nikmati Promo di OLXmobbi - Jual - Beli - Tukar Tambah Tenor panjang cicilan pasti ringan dan dapatkan saldo digital hingga 1.500.000! Dapatkan juga TDP terendah dan Promo Trade In Suka-Suka (Terima Mobil merek dan Tahun Apapun Tanpa Syarat) *S&K berlaku . Keunggulan Unit : - Astra Certified - Bebas Tabrak - Bebas Banjir - Kilometer Tidak Putaran - Pintu Geser Elektrik (Electric Sliding Door) - Sistem Pelipatan Kursi """"Dive-In"""" - Mesin Irit Bahan Bakar . Berikut Spesifikasi : - Dokumen Lengkap a/n : Perorangan - Odometer : 114,074 km - Transmisi : AT - Pajak : 01-Jan-2026 - Plat : Ganjil - KN : VKY . Mohon lakukan pembayaran melalui no rekening berikut untuk booking fee / pelunasan: 120/00/0757779/9 An. SERASI MITRA MOBIL . Mengapa Anda harus membeli mobil di OLXmobbi? - Garansi Mesin hingga 1 tahun (mesin, transmisi, AC, dan sistem pengereman, plafon max 80jt dari GARDA OTO) - Gratis Biaya Jasa Perawatan - 7 Hari Jaminan Uang Kembali - Test Drive dari Rumah - Ada 2.000+ pilihan mobil bekas berkualitas, lulus inspeksi dan tersertifikasi . OLX Mobbi  Daihatsu Used Car"""
honda mobilio (2021),Bensin,Rp 164.000.000,--,"Ciputat Timur, Tangerang Selatan Kota",Automatic,80.000-85.000 Km,"Deskripsi ""Honda Mobilio 1.5 E Bensin-AT 2021 . Khusus Harga Kredit : Rp 164,000,000 Khusus Harga Cash : Rp 173,000,000 TDP : Rp 11,000,000 Angsuran 4 tahun : Rp 5,650,000 Angsuran 5 tahun : Rp 4,850,000 . Nikmati Promo di OLXmobbi - Jual - Beli - Tukar Tambah Tenor panjang cicilan pasti ringan dan dapatkan saldo digital hingga 1.500.000! Dapatkan juga TDP terendah dan Promo Trade In Suka-Suka (Terima Mobil merek dan Tahun Apapun Tanpa Syarat) *S&K berlaku . Keunggulan Unit : - Astra Certified - Bebas Tabrak - Bebas Banjir - Kilometer Tidak Putaran . Berikut Spesifikasi : - Dokumen Lengkap a/n : Perorangan - Odometer : 83,492 km - Transmisi : AT - Pajak : 01-Apr-2026 - Plat : Genap - KN : UOY . Mohon lakukan pembayaran melalui no rekening berikut untuk booking fee / pelunasan: 120/00/0757779/9 An. SERASI MITRA MOBIL . Mengapa Anda harus membeli mobil di OLXmobbi? - Garansi Mesin hingga 1 tahun (mesin, transmisi, AC, dan sistem pengereman, plafon max 80jt dari GARDA OTO) - Gratis Biaya Jasa Perawatan - 7 Hari Jaminan Uang Kembali - Test Drive dari Rumah - Ada 2.000+ pilihan mobil bekas berkualitas, lulus inspeksi dan tersertifikasi . OLX Mobbi  Daihatsu Used Car"""
suzuki ertiga (2013),Bensin,Rp 108.000.000,--,"Ciputat Timur, Tangerang Selatan Kota",Manual,105.000-110.000 Km,"Deskripsi ""Suzuki Ertiga 1.4 GX Bensin-MT 2013 . Khusus Harga Kredit : Rp 108,000,000 Khusus Harga Cash : Rp 114,000,000 TDP : Rp 7,000,000 Angsuran 4 tahun : Rp 3,750,000 Angsuran 5 tahun : Rp 3,200,000 . Nikmati Promo di OLXmobbi - Jual - Beli - Tukar Tambah Tenor panjang cicilan pasti ringan dan dapatkan saldo digital hingga 1.500.000! Dapatkan juga TDP terendah dan Promo Trade In Suka-Suka (Terima Mobil merek dan Tahun Apapun Tanpa Syarat) *S&K berlaku . Keunggulan Unit : - Astra Certified - Bebas Tabrak - Bebas Banjir - Kilometer Tidak Putaran - AC Double Blower - Electric Mirror with Turning Signal - Fitur Keyless Entry dan Immobilizer . Berikut Spesifikasi : - Dokumen Lengkap a/n : Perorangan - Odometer : 107,295 km - Transmisi : MT - Pajak : 01-Aug-2026 - Plat : Genap - KN : SYC . Mohon lakukan pembayaran melalui no rekening berikut untuk booking fee / pelunasan: 120/00/0757779/9 An. SERASI MITRA MOBIL . Mengapa Anda harus membeli mobil di OLXmobbi? - Garansi Mesin hingga 1 tahun (mesin, transmisi, AC, dan sistem pengereman, plafon max 80jt dari GARDA OTO) - Gratis Biaya Jasa Perawatan - 7 Hari Jaminan Uang Kembali - Test Drive dari Rumah - Ada 2.000+ pilihan mobil bekas berkualitas, lulus inspeksi dan tersertifikasi . OLX Mobbi  Daihatsu Used Car"""
daihatsu ayla (2017),Bensin,Rp 102.000.000,--,"Ciputat Timur, Tangerang Selatan Kota",Automatic,130.000-135.000 Km,"Deskripsi ""Daihatsu Ayla 1.2 R Bensin-AT 2017 . Khusus Harga Kredit : Rp 102,000,000 Khusus Harga Cash : Rp 108,000,000 TDP : Rp 7,000,000 Angsuran 4 tahun : Rp 3,550,000 Angsuran 5 tahun : Rp 3,050,000 . Nikmati Promo di OLXmobbi - Jual - Beli - Tukar Tambah Tenor panjang cicilan pasti ringan dan dapatkan saldo digital hingga 1.500.000! Dapatkan juga TDP terendah dan Promo Trade In Suka-Suka (Terima Mobil merek dan Tahun Apapun Tanpa Syarat) *S&K berlaku . Keunggulan Unit : - Astra Certified - Bebas Tabrak - Bebas Banjir - Kilometer Tidak Putaran - Pajak Panjang 2026 - Audio Steering Switch - Spion retractable . Berikut Spesifikasi : - Dokumen Lengkap a/n : Perorangan - Odometer : 134,955 km - Transmisi : AT - Pajak : 01-Sep-2026 - Plat : Ganjil - KN : EYR . Mohon lakukan pembayaran melalui no rekening berikut untuk booking fee / pelunasan: 120/00/0757779/9 An. SERASI MITRA MOBIL . Mengapa Anda harus membeli mobil di OLXmobbi? - Garansi Mesin hingga 1 tahun (mesin, transmisi, AC, dan sistem pengereman, plafon max 80jt dari GARDA OTO) - Gratis Biaya Jasa Perawatan - 7 Hari Jaminan Uang Kembali - Test Drive dari Rumah - Ada 2.000+ pilihan mobil bekas berkualitas, lulus inspeksi dan tersertifikasi . OLX Mobbi  Daihatsu Used Car"""
mitsubishi xpander (2023),Bensin,Rp 255.000.000,>1.000 - 1.500 cc,"Tangerang, Tangerang Kota",Automatic,20.000-25.000 Km,"Deskripsi FOR SALE Mitsubishi All New Xpander Cross Premium Plus CVT AT Facelift Camera360 Hitam Pemakaian 2024 NIK 2023 KM22rb Record AUTHORIZED !! (( Tipe Terbaru Termahal New Model Beda Interior Eksterior Lampu Depan Belakang Speedometer Ilumination Velg Steer Pajero )) - BELI MOBIL BEKAS TANPA KHAWATIR CUMA DI BELANJAMOBIL! Kami Berikan Garansi Langsung 5 Tahun GRATIS! Jaminan Garansi Meliputi : 1. Mesin 2. Transmisi 3. AC 4. Kaki-kaki 5. Sistem Pengereman 6. Layanan ERA (Emergency Road Asistance, Towing darurat) Bonus! Free Detailing (pembersihan) 2x (1 tahun) -UNIT 100% BEBAS TABRAK DAN BEBAS BANJIR (garansi uang kembali) -Dokumen ABSAH Focus Motor / Belanja Mobil sudah hadir di Indonesia sejak 25 tahun. Prioritas kami adalah menjaga kepuasan customer dan berkomitmen untuk menghadirkan mobil bekas terbaik untuk konsumen. - OTR KREDIT 255JT OTR CASH BY CALL Bunga 0% TDP 198,392,000 Angs 9,647,000 x11 DP Minim Tdp 50jt Angs 7,229,000 x47 tlo Tdp 46jt Angs 6,359,000 x59 tlo Untuk request DP / Hitungan lain, silakan hubungin kami Harga kredit tertera adalah harga minimal kredit dengan tenor 4 & 5 tahun, diluar itu mengikuti harga Cash (karena kami mensubsidi refund bunga kepada anda) - Spesifikasi : #Engine 1.5 Auto ECO Mode #Pajak Bulan 4-2026 #Tangan1daribaruPribadi - Keyless Start Engine - AC Digital Double - Electric Retract Mirror + Audiosteer + Cruisecontrol - Leatherseat - Interior Headunit OEM Wide Screen + Camera360 + Wireless Charging - Eksterior Headlamp DRL LED, Bodykit, Sensorparking, Velg OEM - Buku Manual Audio Kunciserep - KF Vkool LOKASI : Bursa Otomotif Mangga Dua Square, Focus Motor, Jakarta Utara. (VNA) (A)"
toyota avanza (2019),Bensin,Rp 140.000.000,>1.000 - 1.500 cc,"Tangerang, Tangerang Kota",Manual,100.000-105.000 Km,Deskripsi D Jual Cepat Toyota G manual 2019 kondisi mobil d jamin bebas tabrak dan bebas banjir G A R A N S I 1 thn Mesin dan Transmisi Pajak Panjang 02-2026 No Pol Genap Harga Kredit 140 jt Dp 5 jt Angsuran 4.780 x 47 bln Dp 5 jt Angsuran 4.195 x 59 bln Lokasi: Pasar Mobil Kemayoran Blok V no 3 Jakarta Pusat
honda cr-v (2008),Bensin,Rp 92.000.000,>2.000 - 3.000 cc,"Karawaci, Tangerang Kota",Automatic,120.000-125.000 Km,Deskripsi Dp 10 jt 3.188.000 x 4 th km 122 service record crv 2.4 at istimewa body cat ori mulus cakep mesin matic halus responsif interior ori jok kulit asli Aman lakajir siap jkt bali pp
mitsubishi mirage (2014),Bensin,Rp 88.000.000,--,"Cipondoh, Tangerang Kota",Automatic,105.000-110.000 Km,"Deskripsi MIRAGE 1.2L EXC AT 2014 - Jaminan garansi tidak bekas tabrak dan banjir - Km 109rb asli dari baru - Mesin dan transmisi sangat aman dan bergaransi sampai 1 tahun - Ac dingin nyess dan elektrikal semua berfungsi normal - Kaki2 nyaman empuk dan denyap - Unit sangat terjamin siap pakai dan siap dibawa jarak jauh Otr 88jt Cash 95jt Paket A Tdp 26jt cicilan 2.156.000 x47 Tdp 26jt cicilan 2.618.000 x35 Paket B Tdp 5jt cicilan 2.980.000 x47 Tdp 5jt cicilan 2.637.000 x59 Dapatkan mobil bekas impian anda dikami -Jual beli mobil bekas terpercaya berkualitas dan pastinya termurah- *  dapatkan juga promo2 terbaik kami. Benefit : - Towing gratis selama 1tahun seluruh Indonesia - pengisian BBM 5liter - layanan pemeriksaan mobil ditempat - pergantian ban serep - jumper aki - diskon promo Dp bila kredit dan pembelian cash Melayani : Cash,credit,tukar tambah Lokasi : Adira expo Alam sutra,joglo,kebayoran baru,Banjar wijaya,Basura,Bali Alem - Garasi AHA"
mercedes-benz gls400 (2017),Bensin,Rp 599.000.000,>2.000 - 3.000 cc,"Cipondoh, Tangerang Kota",Automatic,120.000-125.000 Km,"Deskripsi Dijual cepat: Pajak feb 2026 Kondisi tinggal pakai, sudah ganti air suspension, baru di coating.. km 125rb tapi rasa 25rb. Boleh di coba, mobil rawatan.. Dijamin bagus. Seharga fortuner aja. Nego sampai jadi"
mazda biante (2012),Bensin,Rp 119.000.000,>1.500 - 2.000 cc,"Karawaci, Tangerang Kota",Automatic,90.000-95.000 Km,Deskripsi DP 5 JT 3.492.000 x 5 th 3.931.000 x 4 th harga cash 123.5 jt * utk TDP lainnya langsung aja japri di wa tercantum di olx BIANTE AT ISTIMEWA TERAWAT MESIN MATIC HALUS RESPONSIF BODY CAT MULUS ORI INTERIOR ORI BERSIH KAKI2 SENYAP SIAP PAKAI
mazda cx-3 (2020),Bensin,Rp 234.000.000,>1.500 - 2.000 cc,"Cipondoh, Tangerang Kota",Automatic,35.000-40.000 Km,"Deskripsi FOR SALE Mazda CX3 CX-3 CX 3 2.0 Touring Skyactive AT I-Stop Facelift HUD Hitam NIK 2020 KM39rb Record AUTHORIZED !! - BELI MOBIL BERGARANSI SAMPAI 5 TAHUN GRATIS! GARANSI 5 TAHUN LANGSUNG! Jaminan GARANSI 155 KOMPONEN Meliputi : 1. Mesin 2. Transmisi 3. AC 4. Kaki-kaki 5. Sistem Pengereman 6. Layanan ERA (Emergency Road Asistance, Towing darurat) Bonus! Free Detailing (pembersihan) 2x (1 tahun) -UNIT 100% BEBAS TABRAK DAN BEBAS BANJIR (garansi uang kembali) -Dokumen ABSAH Focus Motor Belanja Mobil sudah hadir di Indonesia selama 26 tahun. Prioritas kami adalah menjaga kepuasan konsumen dan berkomitmen untuk memberikan pengalaman terbaik membeli mobil bekas. - OTR KREDIT 234JT OTR CASH ASK DP Minim Dp 37jt Angs 7.062.000 x47 tlo Dp 33jt Angs 6.237.000 x59 tlo Bunga Premium Dp 47jt Angs 6.519.000 x47 tlo Dp 43jt Angs 5.722.500 x59 tlo UNTUK REQUEST DP / HITUNGAN LAIN, SILAKAN HUBUNGI KAMI Harga kredit tertera adalah harga minimal kredit dengan tenor 4 & 5 tahun, diluar itu mengikuti harga Cash (karena kami mensubsidi refund bunga kepada anda) - Spesifikasi : #Engine 2.0 Skyactive Automatic ECO Sport Mode #Pajak Bulan 11-2026 #Tangan1daribaruPribadi - Keyless Start Engine - Leatherseat - Cruisecontrol & Audiosteer - Electric Retract Mirror - Interior Headunit OEM Touchscreen + Camera, Head-Up Display ( HUD ) - Eksterior Headlamp Xenon DRL, Foglamp, Sensorparking, Velg OEM - Buku Service Buku Manual - KF 3M LOKASI : Bez Auto Center, Focus Motor No. A66-A70, Curug Sangereng, Kec. Klp. Dua, Kabupaten Tangerang, Banten 15810 (SRJ) (GS)"
toyota kijang innova (2007),Bensin,Rp 108.000.000,>1.500 - 2.000 cc,"Tangerang, Tangerang Kota",Automatic,125.000-130.000 Km,"Deskripsi [DP15JT]Toyota kijang Innova V Luxury At 2007 EURO bensin *Khusus yang cari mobil bagus *Bebas Tabrak Laka dan Bebas Banjir -Type V tertinggi *Full bodykit *Grill ,handle ,list Full Krom *AC digital *Audio control di Stir *Luxury Captain Seat *Triple Ac Zone -Atas nama pribadi -Pajak panjang Maret 2026 -Noplat Ganjil Jakarta Barat -Sudah EURO [LEBIH IRIIT] -Barcode Pertalite lengkap -Head unit touchscreen bluetooth+kamera mundur dan parkir sensor -Tambahan Tanduk belakang model Sporty -Kunci 2 model Reborn with Alarm -Mesin kering Tidak ada rembes2 -Kaki kaki empuk tidak ada bunyi bunyi -Matik sehat -Lihat langsung dijamin Suka -Tidak ada PR tinggal pakai -Tarikan Joss[Akselarasi MANTAPP] -AC dingin menggigil -Kaca film full -NIK 2007 Pemakaian 2007 -Surat-surat lengkap dan dijamin 100% lengkap -Mobil dijamin 100% GRESS siap pakai -Mobil tidak bekas nabrak Laka dan tidak bekas banjir -Dipersilahkan membawa mekanik kepercayaan anda utk pemeriksaan Harga kredit Rp 108 jt Dp 15 Jt Angsuran 4,616 jt x 35 bln(3 thn) Harga Tunai berbeda bisa NEGO Silahkan Bisa Nego ditempat ,sampai Deal Jika berminat bisa hubungi langsung atau via whatsapp. Terima kasih & Salam sukses.. ~ HXL Auto Mobilindo ~ Mall Season City Lantai P5 Blok L14 Jl. Latumenten No.33 Jakarta Barat"
toyota yaris (2016),Bensin,Rp 95.000.000,--,"Karawaci, Tangerang Kota",Automatic,115.000-120.000 Km,"Deskripsi Harga khusus OTR Kredit dan TDP Paket , Harga Tunai Beda Lagi ... . Harga cash  95Jt nego di tempat Harga Kredit  75Jt minim Tenor 4-5 Thn . TDP PROMO 5JUTA ANGSURAN ... (4th) ANGSURAN ... (5th) GR / AD / CH / BUA / OT / CIM . AGYA S TRD AT 2016 ANTIK PUTIH RARE ITEM !! NIK 2016 Warna Putih Favorit Odo 90xxx Asli Rekot Toyota Rutin Service Rutin and Rawatan Tangan pertama Dari baru dan Atas Nama Pribadi Pajak 02 2026 PLAT B GANJIL - SRS Airbags - Elektric Mirror - AC Dingin - Mobil super irit - Upgrade headunit touchscreen - Upgrade kamera mundur Interior Full Original Cat full Original Kaki Kaki Smooth Kunci2 surat” dan lain lain lengkap Garansi Mesin and Transmisi 1 Thn . Ratu Autocar (Oca) Lokasi Karawaci tangerang Serba oto palem semi Blok A5 nomor 28 Blok A2 nomor 28 Blok A5 nomor 1&2"
chery tiggo 8 (2025),Bensin,Rp 324.000.000,>1.500 - 2.000 cc,"Cipondoh, Tangerang Kota",Automatic,5.000-10.000 Km,"Deskripsi FOR SALE Chery Tiggo 8 Premium Panoramic AT Black on Black NIK 2025 KM6rb Record AUTHORIZED !! #Pajak Bulan 2-2026 #Tangan1daribaruPribadi - BELI MOBIL BERGARANSI SAMPAI 5 TAHUN GRATIS! GARANSI 5 TAHUN LANGSUNG! Jaminan GARANSI 155 KOMPONEN Meliputi : 1. Mesin 2. Transmisi 3. AC 4. Kaki-kaki 5. Sistem Pengereman 6. Layanan ERA (Emergency Road Asistance, Towing darurat) Bonus! Free Detailing (pembersihan) 2x (1 tahun) -UNIT 100% BEBAS TABRAK DAN BEBAS BANJIR (garansi uang kembali) -Dokumen ABSAH Focus Motor Belanja Mobil sudah hadir di Indonesia selama 26 tahun. Prioritas kami adalah menjaga kepuasan konsumen dan berkomitmen untuk memberikan pengalaman terbaik membeli mobil bekas. - OTR KREDIT 324JT OTR CASH ASK DP Minim Tdp 60 jt Ang 9,217,500 x47tlo Tdp 55 jt Ang 8,002,500 x59 tlo Premium Tdp 78 jt Ang 8,328,500 x47 tlo Tdp 74 jt Ang 7,216,500 x 59 tlo UNTUK REQUEST DP / HITUNGAN LAIN, SILAKAN HUBUNGI KAMI Harga kredit tertera adalah harga minimal kredit dengan tenor 4 & 5 tahun, diluar itu mengikuti harga Cash (karena kami mensubsidi refund bunga kepada anda) - Spesifikasi : * ADAS (LDW, BSD, FCW, AEB, ICA, , HAC, HDC) , Blind Spot Monitoring System * Electric Panoramic Sunroof * Sony Sound System Speaker * Engine 1.6 TGDI * Keyless Start Stop Engine * Wireless Charging, Ambience Light, Cool Box * Audio Steering Switch * LCD Display AC Triple Zone * LCD Display Master Cluster * Infotainment System Touchscreen With Apple Carplay And Android Auto * Electric Leather Seat With Memory Seat * Full LED Headlamp With DRL, Foglamp * Rear LED Stop Lamp * SRS Airbags, ABS, BA, EBD, HSA, HDC, COMPLETE SAFETY CAR * 360 View Parking Camera, Parking Sensor * Electric Parking Brake, Electric Brake Hold, Vehicle Stability Control, Auto Start Stop * Power Back Door * Kaca Film Llumar LOKASI : Bez Auto Center, Focus Motor No. A66-A70, Curug Sangereng, Kec. Klp. Dua, Kabupaten Tangerang, Banten 15810 (VSA) (GS)"
honda brio (2018),Bensin,Rp 135.000.000,>1.000 - 1.500 cc,"Karawaci, Tangerang Kota",Automatic,60.000-65.000 Km,Deskripsi BRIO RS AT ISTIMEWA FULL ORI KM 60AN RECORD HONDA BENSIN PAKE PERTAMA TURBO MESIN MATIC HALUS RESPONSIF BODY CAT MULUS FULL ORISININL KAKI2 SUNYI SENYAP HENING AMAN LAKAJIR SIAP LUAR KOTA DP 5 JT 4.141.000 X 5 BLN 4.680.000 X 4 BLN HARGA CASH 139.5 JT
mercedes-benz c180 (2019),Bensin,Rp 355.000.000,>1.000 - 1.500 cc,"Tangerang, Tangerang Kota",Automatic,50.000-55.000 Km,"Deskripsi FOR SALE !! Mercedes Benz C180 Warna Hitam Year of Production (NIK) 2019 PMK 2021 All Papers and Documents Complete Spare Key Complete License Plate (B) Ganjil Pajak ON Panjang Odometer 54.000 KM Full Service Record Eksterior Mulus! Full Original! Interior Fresh! Like New! Mesin Standar No Remap Mobil Tidak Bekas Tabrak!! Mobil Tidak Bekas Banjir!! Ready to Use! Ready for GENERAL Check at any Dealership! CASH Price 360jt CREDIT Price 355jt (Harga OTR Khusus DP Minim 72jt Tenor 5 Tahun) Location : Tangerang Terima Tukar Tambah atau Kredit Check Short Review on Instagram, Facebook, TikTok, YouTube Short KOKOMOBIL / KOKOMOBIL Jakarta Minat Langsung WA / Call (Fitur Call OLX)"
toyota raize (2022),Bensin,Rp 201.000.000,<1.000 cc,"Batuceper, Tangerang Kota",Otomatis,40000 Km,"Deskripsi Merek mobil: Toyota Tahun pembuatan: 2022 Model mobil: Raize Varian mobil: 1.0 Turbo GR Sport TSS Bensin-AT Jenis bahan bakar mobil: Bensin Jarak tempuh mobil: 32.000 Warna mobil: Biru Transmisi mobil: Otomatis Tipe penjual: Individual TOYOTA Raize GR Sport Turbo 1.0 Matic Plat B Tangerang kota Pajak Panjang Keyless Entry & Start Stop Button Interior Orsinil Bersih Terawat Wangi Jok Masih Orsinil Utuh Semua Kaki kaki Senyap Service Record Toyota Ada Buku & Kunci Serep Ada Masih Lengkap Mesin & Matic Halus Responsif Kaki kaki Masih Enak Senyap Bebas Laka dan Banjir, HARGA MASIH NEGO YUUU NEGOIN"
suzuki ertiga (2021),Bensin,Rp 143.500.000,>1.500 - 2.000 cc,"Karawaci, Tangerang Kota",Manual,40.000-45.000 Km,Deskripsi SUZUKI ERTIGA 1.5 GL MANUAL TH 2021 WRN HITAM METALIK NIK 2020 LOW KM 40 RB.! -Harga Paket Kredit  143.500 -Harga Cash  158.850 -TDP  18jt  Angs  4.672 x 47 -TDP  15jt  Angs  4.207 x 59 -TDP  28jt  Angs  4.180 x 47 -TDP  28jt  Angs  3.580 x 59 -TDP  47jt  Angs  3.499 x 47 -TDP  46jt  Angs  3.007 x 59 -Exterior Kinclong Sekali Seperti Baru -Interior Bersih Sekali Dan Wangi -Bonus Mobil Sudah di Detailing 3 Layers Kinclong Sekali Bisa di Pakai Ngaca -LOW KM 40RB.! Di Jamin Keaslian Nya No Putar2 -Servis Record Suzuki Resmi -Plat  B  Tangerang  (Genap) -Pajak Panjang Sd Feb 2026 -Kunci Serep Masih Lengkap 2 Pcs dr Baru -Buku Servis Dan Manual Book Masih Lengkap Semua -Ban Tebal Semua -Kaki2 Empuk Sekali Dan Sangat Nyaman -Mobil Sangat Terawat Sekali Baik Mesin Maupun Body -Kondisi Sangat Prima (ISTIMEWAH) -NO PR (Siap Pakai Luar Kota) -Di Jamin Tidak Bekas Kena Tabrakan -Di Jamin Tidak Bekas Kena Banjir -Garansi Uang Kembali 100% Dalam 5 Hari Apabila Ada Indikasi 2 Hal Tersebut -Kami Menjual Kualitas Dan Menjamin Kepuasan Konsumen Kami -Untuk harga terbaik bisa langsung hubungi saya Heri -Mari Merapat cek unit nya sambil ngopi2 santai di Showroom Kami di PRIMA SUKSES MOTOR Jl.Imam Bonjol Karawaci Tangerang
toyota fortuner (2022),Diesel,Rp 449.000.000,>2.000 - 3.000 cc,"Tangerang, Tangerang Kota",Automatic,75.000-80.000 Km,"Deskripsi FOR SALE !! Toyota Fortuner  2.8 VRZ 4X2 AT Warna Abu-abu Metalik Year of Production (NIK) 2022 All Papers and Documents Complete Spare Key Complete License Plate (BE) Pajak ON 04.26 Odometer 76.000 KM Full Service Record Engine by Elika (remap, pipe BRD, gotrans, oil cooler stage 2) Velg Bradley + Ban Baru Michelin Full Peredam Audio Full MapleTech for Kompetisi (nota terlampir 70jt++) Eksterior Mulus! Full Original! Interior Fresh! Like New! Mesin Standar No Remap Mobil Tidak Bekas Tabrak!! Mobil Tidak Bekas Banjir!! Ready to Use! Ready for GENERAL Check at any Dealership! CASH Price 449jt Location : Tangerang Terima Tukar Tambah atau Kredit Check Short Review on Instagram, Facebook, TikTok, YouTube Short KOKOMOBIL / KOKOMOBIL Jakarta Minat Langsung WA / Call (Fitur Call OLX)"
hyundai creta (2024),Hybrid,Rp 299.000.000,>1.500 - 2.000 cc,"Karawaci, Tangerang Kota",Automatic,0-5.000 Km,"Deskripsi Hyundai Creta Prime 2024 Odo 3 ribu Informasi Mobil : ⁣⁣⁣⁣ * Merk          : Hyundai Creta * Type           : Prime * Warna        : Merah twotone * Tahun         : 2024 * Pajak         :  Febuari 2026 * Kilometer  : 3 ribu * Mobil antik * Interior rapi bersih * Interior tidak bau Rokok * Body mulus segar * Mesin tidak rembes * Matik aman dan halus * Elektrisitas berfungsi normal semua ⁣⁣ * kaki kaki enak ⁣⁣⁣⁣senyap * Siap pakai tidak ada perbaikan * Garansi matik & mesin 1th Harga Kredit DP minim 299jt Tdp 25jt Angsuran			7,235,000 Tenor			59 bulan Angsuran			8,697,000 Tenor			47 bulan Untuk negosiasi sangat disarankan untuk datang terlebih dahulu cek unit sekalian test drive bandingkan Kualitas dengan Harga nya harus sesuai, nego Sampai Deal. ⁣⁣⁣⁣ Notes : ⁣⁣⁣⁣ Kami tidak membeli atau menjual unit mobil yang bekas accident, eks banjir, mesin bermasalah, transmisi rusak, KM putaran. TIRA AUTO “Solusi Mobil Berkualitas” Jl. Imam Bonjol no.80 Karawaci Tangerang"
wuling confero s (2019),Bensin,Rp 98.000.000,--,"Ciputat Timur, Tangerang Selatan Kota",Manual,185.000-190.000 Km,"Deskripsi ""Wuling Confero S 1.5 C Bensin-MT 2019 . Khusus Harga Kredit : Rp 98,000,000 Khusus Harga Cash : Rp 103,000,000 TDP : Rp 6,000,000 Angsuran 4 tahun : Rp 3,400,000 Angsuran 5 tahun : Rp 2,900,000 . Nikmati Promo di OLXmobbi - Jual - Beli - Tukar Tambah Tenor panjang cicilan pasti ringan dan dapatkan saldo digital hingga 1.500.000! Dapatkan juga TDP terendah dan Promo Trade In Suka-Suka (Terima Mobil merek dan Tahun Apapun Tanpa Syarat) *S&K berlaku . Keunggulan Unit : - Astra Certified - Bebas Tabrak - Bebas Banjir - Kilometer Tidak Putaran - AC Double Blower hingga Baris -  - Belakang - Power Outlet/USB Charging di Setiap Baris - Sensor Parkir 4 Titik . Berikut Spesifikasi : - Dokumen Lengkap a/n : Perorangan - Odometer : 189,697 km - Transmisi : MT - Pajak : 01-Jun-2025 - Plat : Ganjil - KN : SIF . Mohon lakukan pembayaran melalui no rekening berikut untuk booking fee / pelunasan: 120/00/0757779/9 An. SERASI MITRA MOBIL . Mengapa Anda harus membeli mobil di OLXmobbi? - Garansi Mesin hingga 1 tahun (mesin, transmisi, AC, dan sistem pengereman, plafon max 80jt dari GARDA OTO) - Gratis Biaya Jasa Perawatan - 7 Hari Jaminan Uang Kembali - Test Drive dari Rumah - Ada 2.000+ pilihan mobil bekas berkualitas, lulus inspeksi dan tersertifikasi . OLX Mobbi  Daihatsu Used Car"""
nissan grand livina (2018),Bensin,Rp 134.000.000,--,"Ciputat Timur, Tangerang Selatan Kota",Manual,35.000-40.000 Km,"Deskripsi ""Nissan Grand livina 1.5 Highway Star Bensin-MT 2018 . Khusus Harga Kredit : Rp 134,000,000 Khusus Harga Cash : Rp 141,000,000 TDP : Rp 9,000,000 Angsuran 4 tahun : Rp 4,600,000 Angsuran 5 tahun : Rp 3,950,000 . Nikmati Promo di OLXmobbi - Jual - Beli - Tukar Tambah Tenor panjang cicilan pasti ringan dan dapatkan saldo digital hingga 1.500.000! Dapatkan juga TDP terendah dan Promo Trade In Suka-Suka (Terima Mobil merek dan Tahun Apapun Tanpa Syarat) *S&K berlaku . Keunggulan Unit : - Astra Certified - Bebas Tabrak - Bebas Banjir - Kilometer Tidak Putaran - Pajak Panjang 2026 - Rem ABS, EBD, dan BA - Kamera Parkir Belakang dan Sensor Parkir . Berikut Spesifikasi : - Dokumen Lengkap a/n : Perorangan - Odometer : 35,347 km - Transmisi : MT - Pajak : 01-Mar-2026 - Plat : Ganjil - KN : 1TJ . Mohon lakukan pembayaran melalui no rekening berikut untuk booking fee / pelunasan: 120/00/0757779/9 An. SERASI MITRA MOBIL . Mengapa Anda harus membeli mobil di OLXmobbi? - Garansi Mesin hingga 1 tahun (mesin, transmisi, AC, dan sistem pengereman, plafon max 80jt dari GARDA OTO) - Gratis Biaya Jasa Perawatan - 7 Hari Jaminan Uang Kembali - Test Drive dari Rumah - Ada 2.000+ pilihan mobil bekas berkualitas, lulus inspeksi dan tersertifikasi . OLX Mobbi  Daihatsu Used Car"""
kia picanto (2013),Bensin,Rp 77.000.000,--,"Ciputat Timur, Tangerang Selatan Kota",Automatic,105.000-110.000 Km,"Deskripsi ""Kia Picanto 1.2 Bensin-AT 2013 . Khusus Harga Kredit : Rp 77,000,000 Khusus Harga Cash : Rp 81,000,000 TDP : Rp 5,000,000 Angsuran 4 tahun : Rp 2,650,000 Angsuran 5 tahun : Rp 2,300,000 . Nikmati Promo di OLXmobbi - Jual - Beli - Tukar Tambah Tenor panjang cicilan pasti ringan dan dapatkan saldo digital hingga 1.500.000! Dapatkan juga TDP terendah dan Promo Trade In Suka-Suka (Terima Mobil merek dan Tahun Apapun Tanpa Syarat) *S&K berlaku . Keunggulan Unit : - Astra Certified - Bebas Tabrak - Bebas Banjir - Kilometer Tidak Putaran - Pajak Panjang 2026 -power steering elektrik - Spion retractable . Berikut Spesifikasi : - Dokumen Lengkap a/n : Perorangan - Odometer : 108,970 km - Transmisi : AT - Pajak : 01-Apr-2026 - Plat : Genap - KN : URJ . Mohon lakukan pembayaran melalui no rekening berikut untuk booking fee / pelunasan: 120/00/0757779/9 An. SERASI MITRA MOBIL . Mengapa Anda harus membeli mobil di OLXmobbi? - Garansi Mesin hingga 1 tahun (mesin, transmisi, AC, dan sistem pengereman, plafon max 80jt dari GARDA OTO) - Gratis Biaya Jasa Perawatan - 7 Hari Jaminan Uang Kembali - Test Drive dari Rumah - Ada 2.000+ pilihan mobil bekas berkualitas, lulus inspeksi dan tersertifikasi . OLX Mobbi  Daihatsu Used Car"""
daihatsu ayla (2017),Bensin,Rp 103.000.000,--,"Ciputat Timur, Tangerang Selatan Kota",Manual,55.000-60.000 Km,"Deskripsi ""Daihatsu Ayla 1.2 R Bensin-MT 2017 . Khusus Harga Kredit : Rp 103,000,000 Khusus Harga Cash : Rp 111,000,000 TDP : Rp Call Me for Info Angsuran 4 tahun : Rp Call Me for Info Angsuran 5 tahun : Rp Call Me for Info . Nikmati Promo di OLXmobbi - Jual - Beli - Tukar Tambah Tenor panjang cicilan pasti ringan dan dapatkan saldo digital hingga 1.500.000! Dapatkan juga TDP terendah dan Promo Trade In Suka-Suka (Terima Mobil merek dan Tahun Apapun Tanpa Syarat) *S&K berlaku . Keunggulan Unit : - Astra Certified - Bebas Tabrak - Bebas Banjir - Kilometer Tidak Putaran . Berikut Spesifikasi : - Dokumen Lengkap a/n : Perorangan - Odometer : 55,709 km - Transmisi : MT - Pajak : 01-Aug-2026 - Plat : Ganjil/Genap - KN : CZGYB . Mohon lakukan pembayaran melalui no rekening berikut untuk booking fee / pelunasan: 120/00/0757779/9 An. SERASI MITRA MOBIL TDP promo hanya berlaku jika: - BI checking Bersih (tidak pernah ada keterlambatan pembayaran) - Rumah Milik Pribadi - Pemasukan/Gaji = 3x Angsuran * Bisa dibantu Rumah Kontrak dan BI checking bermasalah dengan TDP 30%* (S&K Berlaku) . Mengapa Anda harus membeli mobil di OLXmobbi? - Garansi Mesin hingga 1 tahun - Gratis Biaya Jasa Perawatan - 7 Hari Jaminan Uang Kembali - Test Drive dari Rumah - Ada 2.000+ pilihan mobil bekas berkualitas, lulus inspeksi dan tersertifikasi . Ahlinya Mobil Bekas Berkualitas Mobil Lulus Inspeksi dan Bergaransi"""
honda hr-v (2023),Bensin,Rp 310.000.000,>1.000 - 1.500 cc,"Cipondoh, Tangerang Kota",Automatic,10.000-15.000 Km,"Deskripsi FOR SALE Honda HRV HR-V HR V 1.5 SE CVT AT Sensing Panoramic 2Camera Hitam NIK 2023 KM11rb Record AUTHORIZED !! - BELI MOBIL BERGARANSI SAMPAI 5 TAHUN GRATIS! GARANSI 5 TAHUN LANGSUNG! Jaminan GARANSI 155 KOMPONEN Meliputi : 1. Mesin 2. Transmisi 3. AC 4. Kaki-kaki 5. Sistem Pengereman 6. Layanan ERA (Emergency Road Asistance, Towing darurat) Bonus! Free Detailing (pembersihan) 2x (1 tahun) -UNIT 100% BEBAS TABRAK DAN BEBAS BANJIR (garansi uang kembali) -Dokumen ABSAH Focus Motor Belanja Mobil sudah hadir di Indonesia selama 26 tahun. Prioritas kami adalah menjaga kepuasan konsumen dan berkomitmen untuk memberikan pengalaman terbaik membeli mobil bekas. - OTR KREDIT 310JT OTR CASH ASK DP Minim Dp 48jt Angs 7.908.500 x47 tlo Dp 43jt Angs 7.908.500 x59 tlo Bunga Premium Dp 58jt Angs 8.331.000 x47 tlo Dp 53jt Angs 7.312.000 x59 tlo UNTUK REQUEST DP / HITUNGAN LAIN, SILAKAN HUBUNGI KAMI Harga kredit tertera adalah harga minimal kredit dengan tenor 4 & 5 tahun, diluar itu mengikuti harga Cash (karena kami mensubsidi refund bunga kepada anda) - Spesifikasi : #Engine 1.5 CVT Earthdreams Tech 121ps Automatic ECO Mode #Pajak Bulan 4-2026 #Tangan1daribaruPribadi - Keyless Start Engine - Panoramic Roof Glass - Safety Features : SRS Airbags+ ABS+EBD+BA+HSA+G-CON ACE - Honda Sensing, Lane Watch - Auto AC with Smart Touch - Leatherseat Isofix - Cruisecontrol & Audiosteer - Multimedia Headunit Touchscreen + 2Camera - Eksterior Headlight Full LED, Foglamp LED, Sensorparking, Velg OEM - Honda Extra Care Certificate - Buku Service Buku Manual Kunciserep LOKASI : Bez Auto Center, Focus Motor No. A66-A70, Curug Sangereng, Kec. Klp. Dua, Kabupaten Tangerang, Banten 15810 (AKL) (GS)"
honda city (2021),Bensin,Rp 215.000.000,>1.000 - 1.500 cc,"Pinang (Penang), Tangerang Kota",Otomatis,40000 Km,Deskripsi Merek mobil: Honda Tahun pembuatan: 2021 Model mobil: City Varian mobil: 1.5 RS Bensin-AT Jenis bahan bakar mobil: Bensin Jarak tempuh mobil: 40000 Warna mobil: Abu-Abu Transmisi mobil: Otomatis Tipe penjual: Individual Pajak hidup kaleng 2026 (ganjil) plat depok Luar dalam mulus bebas laka & banjir Tangan pertama dari baru Sudah pasang dashcam&kamera 360 Lokasi tangerang alam sutera
daihatsu sigra (2024),Bensin,Rp 120.000.000,--,"Tangerang, Tangerang Kota",Manual,10000 Km,Deskripsi Promo Daihatsu New Sigra dmt Mulus Terawat Power steering Ac dingin Tangan kesatu Bisa bantu kredit dp 3Jutaan
nissan terra (2018),Diesel,Rp 285.000.000,>2.000 - 3.000 cc,"Tangerang, Tangerang Kota",Otomatis,140000 Km,"Deskripsi Nissan Terra VL Diesel AT 2018 Hitam (Garage88 Ciater) Grup A - Engine 2.5L Turbo Diesel 187Hp, 450Nm - Transmission Automatic responsif - Start / Stop Engine Button - 360 Parking Camera - LED Headlights Projector - Blind Spot Monitoring Sensor - Electric Seat - 7 Seaters & Comfort Access - Electric mirror & Cruise Control - Head unit with AUX, USB & Bluetooth, Support Navigation - Roof TV Monitoring - Kelistrikan, mesin, AC, kaki-kaki aman kondisi prima - Garansi Bebas Tabrak dan Banjir 100% Otr 285jt Cash 305jt Paket A Tdp 73jt cicilan 9.085.000 X 35 Tdp 73jt cicilan 7.428.000 X 47 Tdp 73jt cicilan 6.530.000 X 59 Paket B Tdp 67jt cicilan 9.378.000 X 35 Tdp 67jt cicilan 7.533.000 X 47 Tdp 67jt cicilan 6.481000 X 59 Paket C Tdp 39jt cicilan 9.950.000 X 35 Tdp 39jt cicilan 8.224.000 X 47 Tdp 39jt cicilan 7.176.000 X 59 Spesifikasi Kendaraan : -STNK & BPKB asli -Interior Original dan terawat -Velg ban original -Kaki-kaki terawat -Full record bengkel resmi -BEBAS banjir & BEBAS tabrak *Nikmati fasilitas Home Test Drive Syarat kredit : - Foto copy Ktp & Npwp Suami istri - Foto copy KK - Foto copy 3 Bulan Terakhir - PBB/AJB - Slip gaji - SKU, SIUP, TDP, SPH( jika Usaha ) #PROSES CEPAT & DATA DI BANTU# FREE : SALON-POLES-WAX-DETAILING Lokasi : ADIRA EXPO ALAM SUTERA, JOGLO, KEBAYORAN BARU, BASURA, BANJAR WIJAYA"
